{
  "name": "nutrition-platform-secure",
  "description": "AI-powered nutrition and health management platform with enterprise security",
  "domain": "super.doctorhealthy1.com",
  "buildCommand": "docker-compose -f docker-compose.production.yml build",
  "startCommand": "docker-compose -f docker-compose.production.yml up -d",
  "healthCheckPath": "/health",
  "port": 8080,
  "environment": "production",
  "security": {
    "ssl": true,
    "cors": "restricted",
    "rateLimiting": true,
    "authentication": "jwt"
  },
  "services": [
    "postgresql",
    "redis",
    "backend",
    "nginx"
  ],
  "monitoring": {
    "healthChecks": true,
    "metrics": true,
    "logging": "structured"
  }
}
