{
  "basic": [
    {
      "name": "Whey Protein",
      "category": "protein",
      "benefits": ["Muscle building", "Recovery", "Convenient protein source"],
      "dosage": "25-30g per serving",
      "timing": "Post-workout or between meals",
      "side_effects": "May cause digestive issues in lactose intolerant individuals",
      "interactions": "None significant",
      "food_sources": "Dairy products, but supplement provides concentrated form",
      "price_range": "$20-60",
      "description": "High-quality complete protein for muscle building and recovery"
    },
    {
      "name": "Creatine Monohydrate",
      "category": "performance",
      "benefits": ["Increased strength", "Improved power output", "Enhanced recovery"],
      "dosage": "3-5g daily",
      "timing": "Any time of day, consistency is key",
      "side_effects": "Possible water retention, stomach upset if taken in large doses",
      "interactions": "None significant",
      "food_sources": "Red meat, fish (small amounts)",
      "price_range": "$10-30",
      "description": "Most researched supplement for strength and power enhancement"
    },
    {
      "name": "Multivitamin",
      "category": "vitamins",
      "benefits": ["Fills nutritional gaps", "Supports overall health", "Immune support"],
      "dosage": "As directed on label (usually 1-2 tablets daily)",
      "timing": "With meals for better absorption",
      "side_effects": "Rare, may cause stomach upset on empty stomach",
      "interactions": "May interact with certain medications",
      "food_sources": "Varied diet with fruits and vegetables",
      "price_range": "$10-40",
      "description": "Comprehensive vitamin and mineral support for overall health"
    },
    {
      "name": "Omega-3 Fish Oil",
      "category": "essential_fats",
      "benefits": ["Heart health", "Brain function", "Anti-inflammatory"],
      "dosage": "1-3g EPA/DHA daily",
      "timing": "With meals to reduce fishy aftertaste",
      "side_effects": "Fishy aftertaste, possible blood thinning at high doses",
      "interactions": "May enhance blood-thinning medications",
      "food_sources": "Fatty fish (salmon, mackerel, sardines)",
      "price_range": "$15-50",
      "description": "Essential fatty acids for heart, brain, and overall health"
    }
  ],
  "advanced": [
    {
      "name": "Beta-Alanine",
      "category": "performance",
      "benefits": ["Improved muscular endurance", "Reduced fatigue", "Better high-intensity performance"],
      "dosage": "3-5g daily, split into smaller doses",
      "timing": "Throughout the day to minimize tingling",
      "side_effects": "Harmless tingling sensation (paresthesia)",
      "interactions": "None significant",
      "food_sources": "Meat, poultry (small amounts)",
      "price_range": "$15-35",
      "description": "Amino acid that buffers lactic acid for improved endurance"
    },
    {
      "name": "Citrulline Malate",
      "category": "performance",
      "benefits": ["Enhanced blood flow", "Improved pumps", "Reduced muscle soreness"],
      "dosage": "6-8g pre-workout",
      "timing": "30-45 minutes before training",
      "side_effects": "Rare, possible stomach upset at high doses",
      "interactions": "May enhance effects of blood pressure medications",
      "food_sources": "Watermelon (small amounts)",
      "price_range": "$20-45",
      "description": "Amino acid that enhances nitric oxide production and blood flow"
    },
    {
      "name": "HMB",
      "category": "recovery",
      "benefits": ["Reduced muscle breakdown", "Faster recovery", "Lean mass preservation"],
      "dosage": "3g daily, split into 1g doses with meals",
      "timing": "With meals throughout the day",
      "side_effects": "Rare, generally well tolerated",
      "interactions": "None significant",
      "food_sources": "Catfish, alfalfa (very small amounts)",
      "price_range": "$25-60",
      "description": "Metabolite of leucine that helps preserve muscle mass"
    },
    {
      "name": "ZMA",
      "category": "recovery",
      "benefits": ["Improved sleep quality", "Enhanced recovery", "Hormone support"],
      "dosage": "As directed (usually 2-3 capsules)",
      "timing": "Before bed on empty stomach",
      "side_effects": "Vivid dreams, possible stomach upset",
      "interactions": "Should not be taken with calcium",
      "food_sources": "Zinc: meat, shellfish; Magnesium: nuts, seeds",
      "price_range": "$15-40",
      "description": "Zinc, magnesium, and vitamin B6 for recovery and sleep"
    }
  ],
  "stacks": [
    {
      "name": "Beginner Stack",
      "supplements": ["Whey Protein", "Creatine Monohydrate", "Multivitamin"],
      "total_cost": "$40-130",
      "description": "Essential supplements for those new to fitness",
      "benefits": "Covers basic nutritional needs and performance enhancement"
    },
    {
      "name": "Strength Stack",
      "supplements": ["Creatine Monohydrate", "Beta-Alanine", "Whey Protein", "ZMA"],
      "total_cost": "$65-170",
      "description": "Optimized for strength and power athletes",
      "benefits": "Maximizes strength gains and recovery"
    },
    {
      "name": "Endurance Stack",
      "supplements": ["Beta-Alanine", "Citrulline Malate", "Omega-3", "Multivitamin"],
      "total_cost": "$60-170",
      "description": "Designed for endurance athletes and long training sessions",
      "benefits": "Improves endurance capacity and reduces fatigue"
    },
    {
      "name": "Recovery Stack",
      "supplements": ["HMB", "ZMA", "Omega-3", "Whey Protein"],
      "total_cost": "$75-190",
      "description": "Focused on optimal recovery and muscle preservation",
      "benefits": "Accelerates recovery and reduces muscle breakdown"
    }
  ]
}