{
  "recipes": [
    {
      "id": "1",
      "name": "كبسة الدجاج",
      "country": "السعودية",
      "cuisine": "عربي",
      "category": "غداء",
      "diet_type": "balanced",
      "calories_per_serving": 450,
      "protein_per_serving": 35,
      "carbs_per_serving": 45,
      "fat_per_serving": 15,
      "servings": 4,
      "prep_time": 30,
      "cook_time": 60,
      "ingredients": [
        {"name": "دجاج", "amount": "1 كيلو", "calories_per_100g": 165},
        {"name": "أرز بسمتي", "amount": "2 كوب", "calories_per_100g": 130},
        {"name": "بصل", "amount": "2 حبة", "calories_per_100g": 40},
        {"name": "طماطم", "amount": "3 حبات", "calories_per_100g": 18},
        {"name": "هيل", "amount": "ملعقة صغيرة", "calories_per_100g": 311},
        {"name": "قرفة", "amount": "عود", "calories_per_100g": 247}
      ],
      "instructions": [
        "نظفي الدجاج واتركيه ينقع بالبهارات",
        "اقلي البصل حتى يذبل",
        "أضيفي الطماطم والبهارات",
        "أضيفي الدجاج واتركيه ينضج",
        "أضيفي الأرز والماء واتركي الخليط ينضج"
      ],
      "dietary_restrictions": [],
      "allergens": [],
      "health_benefits": ["غني بالبروتين", "مصدر جيد للكربوهيدرات المعقدة"]
    },
    {
      "id": "2",
      "name": "سلطة التبولة",
      "country": "لبنان",
      "cuisine": "عربي",
      "category": "مقبلات",
      "diet_type": "mediterranean",
      "calories_per_serving": 120,
      "protein_per_serving": 4,
      "carbs_per_serving": 15,
      "fat_per_serving": 6,
      "servings": 6,
      "prep_time": 20,
      "cook_time": 0,
      "ingredients": [
        {"name": "برغل ناعم", "amount": "نصف كوب", "calories_per_100g": 83},
        {"name": "بقدونس", "amount": "3 أكواب", "calories_per_100g": 36},
        {"name": "طماطم", "amount": "4 حبات", "calories_per_100g": 18},
        {"name": "بصل أخضر", "amount": "4 عيدان", "calories_per_100g": 32},
        {"name": "نعناع", "amount": "ربع كوب", "calories_per_100g": 70},
        {"name": "ليمون", "amount": "3 حبات", "calories_per_100g": 29},
        {"name": "زيت زيتون", "amount": "3 ملاعق", "calories_per_100g": 884}
      ],
      "instructions": [
        "انقعي البرغل بالماء الدافئ لمدة 15 دقيقة",
        "اقطعي الخضار ناعماً",
        "اخلطي جميع المكونات",
        "أضيفي عصير الليمون وزيت الزيتون",
        "تبلي بالملح والفلفل"
      ],
      "dietary_restrictions": ["نباتي", "خالي من الجلوتين"],
      "allergens": [],
      "health_benefits": ["غني بالألياف", "مضادات الأكسدة", "فيتامين سي"]
    },
    {
      "id": "3",
      "name": "دجاج تكا مسالا",
      "country": "الهند",
      "cuisine": "هندي",
      "category": "غداء",
      "diet_type": "high-protein",
      "calories_per_serving": 380,
      "protein_per_serving": 42,
      "carbs_per_serving": 12,
      "fat_per_serving": 18,
      "servings": 4,
      "prep_time": 45,
      "cook_time": 30,
      "ingredients": [
        {"name": "صدور دجاج", "amount": "800 جرام", "calories_per_100g": 165},
        {"name": "زبادي", "amount": "كوب", "calories_per_100g": 59},
        {"name": "كريمة طبخ", "amount": "نصف كوب", "calories_per_100g": 345},
        {"name": "بصل", "amount": "حبة كبيرة", "calories_per_100g": 40},
        {"name": "ثوم", "amount": "4 فصوص", "calories_per_100g": 149},
        {"name": "زنجبيل", "amount": "ملعقة كبيرة", "calories_per_100g": 80},
        {"name": "كاري", "amount": "ملعقة كبيرة", "calories_per_100g": 325}
      ],
      "instructions": [
        "تبلي الدجاج بالزبادي والبهارات",
        "اتركي الدجاج ينقع لمدة ساعة",
        "اشوي الدجاج في المقلاة",
        "حضري الصلصة بالبصل والثوم",
        "أضيفي الدجاج للصلصة واتركيه ينضج"
      ],
      "dietary_restrictions": ["خالي من الجلوتين"],
      "allergens": ["منتجات الألبان"],
      "health_benefits": ["عالي البروتين", "غني بالتوابل المضادة للالتهاب"]
    },
    {
      "id": "4",
      "name": "سباغيتي بولونيز",
      "country": "إيطاليا",
      "cuisine": "إيطالي",
      "category": "غداء",
      "diet_type": "balanced",
      "calories_per_serving": 520,
      "protein_per_serving": 28,
      "carbs_per_serving": 65,
      "fat_per_serving": 16,
      "servings": 4,
      "prep_time": 20,
      "cook_time": 45,
      "ingredients": [
        {"name": "سباغيتي", "amount": "400 جرام", "calories_per_100g": 131},
        {"name": "لحم مفروم", "amount": "500 جرام", "calories_per_100g": 250},
        {"name": "طماطم مقطعة", "amount": "علبة", "calories_per_100g": 18},
        {"name": "بصل", "amount": "حبة", "calories_per_100g": 40},
        {"name": "جزر", "amount": "حبة", "calories_per_100g": 41},
        {"name": "كرفس", "amount": "عودان", "calories_per_100g": 16},
        {"name": "جبن بارميزان", "amount": "نصف كوب", "calories_per_100g": 431}
      ],
      "instructions": [
        "اقلي البصل والجزر والكرفس",
        "أضيفي اللحم المفروم",
        "أضيفي الطماطم والبهارات",
        "اتركي الصلصة تنضج على نار هادئة",
        "اسلقي السباغيتي وقدميها مع الصلصة"
      ],
      "dietary_restrictions": [],
      "allergens": ["جلوتين", "منتجات الألبان"],
      "health_benefits": ["مصدر جيد للبروتين", "غني بالليكوبين"]
    },
    {
      "id": "5",
      "name": "سوشي سلمون",
      "country": "اليابان",
      "cuisine": "ياباني",
      "category": "غداء",
      "diet_type": "low-carb",
      "calories_per_serving": 280,
      "protein_per_serving": 24,
      "carbs_per_serving": 35,
      "fat_per_serving": 8,
      "servings": 2,
      "prep_time": 60,
      "cook_time": 20,
      "ingredients": [
        {"name": "أرز سوشي", "amount": "كوب", "calories_per_100g": 130},
        {"name": "سلمون طازج", "amount": "200 جرام", "calories_per_100g": 208},
        {"name": "خيار", "amount": "حبة", "calories_per_100g": 16},
        {"name": "أفوكادو", "amount": "حبة", "calories_per_100g": 160},
        {"name": "نوري (أعشاب بحرية)", "amount": "4 أوراق", "calories_per_100g": 35},
        {"name": "خل الأرز", "amount": "ملعقتان", "calories_per_100g": 18}
      ],
      "instructions": [
        "اطبخي الأرز واتركيه يبرد",
        "أضيفي خل الأرز للأرز",
        "قطعي السلمون والخضار",
        "افردي النوري وضعي الأرز",
        "أضيفي الحشوة ولفي السوشي"
      ],
      "dietary_restrictions": ["خالي من الجلوتين"],
      "allergens": ["أسماك"],
      "health_benefits": ["أوميغا 3", "قليل السعرات", "غني بالبروتين"]
    },
    {
      "id": "6",
      "name": "تاكو الدجاج",
      "country": "المكسيك",
      "cuisine": "مكسيكي",
      "category": "غداء",
      "diet_type": "balanced",
      "calories_per_serving": 320,
      "protein_per_serving": 25,
      "carbs_per_serving": 28,
      "fat_per_serving": 14,
      "servings": 4,
      "prep_time": 25,
      "cook_time": 15,
      "ingredients": [
        {"name": "صدور دجاج", "amount": "500 جرام", "calories_per_100g": 165},
        {"name": "تورتيلا ذرة", "amount": "8 قطع", "calories_per_100g": 218},
        {"name": "خس", "amount": "2 كوب", "calories_per_100g": 15},
        {"name": "طماطم", "amount": "2 حبة", "calories_per_100g": 18},
        {"name": "جبن شيدر", "amount": "نصف كوب", "calories_per_100g": 403},
        {"name": "فلفل حار", "amount": "حبة", "calories_per_100g": 40}
      ],
      "instructions": [
        "تبلي الدجاج بالبهارات المكسيكية",
        "اشوي الدجاج وقطعيه",
        "سخني التورتيلا",
        "حضري الخضار",
        "اجمعي التاكو وقدميه"
      ],
      "dietary_restrictions": ["خالي من الجلوتين"],
      "allergens": ["منتجات الألبان"],
      "health_benefits": ["غني بالبروتين", "مصدر جيد للألياف"]
    },
    {
      "id": "7",
      "name": "سلطة يونانية",
      "country": "اليونان",
      "cuisine": "يوناني",
      "category": "مقبلات",
      "diet_type": "mediterranean",
      "calories_per_serving": 180,
      "protein_per_serving": 8,
      "carbs_per_serving": 12,
      "fat_per_serving": 12,
      "servings": 4,
      "prep_time": 15,
      "cook_time": 0,
      "ingredients": [
        {"name": "طماطم", "amount": "4 حبات", "calories_per_100g": 18},
        {"name": "خيار", "amount": "2 حبة", "calories_per_100g": 16},
        {"name": "فلفل أخضر", "amount": "حبة", "calories_per_100g": 20},
        {"name": "بصل أحمر", "amount": "نصف حبة", "calories_per_100g": 40},
        {"name": "جبن فيتا", "amount": "150 جرام", "calories_per_100g": 264},
        {"name": "زيتون أسود", "amount": "نصف كوب", "calories_per_100g": 115},
        {"name": "زيت زيتون", "amount": "3 ملاعق", "calories_per_100g": 884}
      ],
      "instructions": [
        "اقطعي الخضار قطعاً كبيرة",
        "أضيفي الجبن والزيتون",
        "اخلطي زيت الزيتون مع الخل",
        "اسكبي الصلصة على السلطة",
        "تبلي بالأوريغانو والملح"
      ],
      "dietary_restrictions": ["نباتي", "خالي من الجلوتين"],
      "allergens": ["منتجات الألبان"],
      "health_benefits": ["مضادات الأكسدة", "دهون صحية", "فيتامينات"]
    },
    {
      "id": "8",
      "name": "كوك أو فان",
      "country": "فرنسا",
      "cuisine": "فرنسي",
      "category": "غداء",
      "diet_type": "balanced",
      "calories_per_serving": 420,
      "protein_per_serving": 32,
      "carbs_per_serving": 8,
      "fat_per_serving": 28,
      "servings": 4,
      "prep_time": 30,
      "cook_time": 45,
      "ingredients": [
        {"name": "دجاج مقطع", "amount": "1 كيلو", "calories_per_100g": 165},
        {"name": "نبيذ أبيض", "amount": "كوب", "calories_per_100g": 82},
        {"name": "كريمة طبخ", "amount": "كوب", "calories_per_100g": 345},
        {"name": "فطر", "amount": "250 جرام", "calories_per_100g": 22},
        {"name": "بصل", "amount": "حبة", "calories_per_100g": 40},
        {"name": "زبدة", "amount": "3 ملاعق", "calories_per_100g": 717}
      ],
      "instructions": [
        "اقلي الدجاج بالزبدة حتى يذهب",
        "أضيفي البصل والفطر",
        "أضيفي النبيذ واتركيه ينضج",
        "أضيفي الكريمة والبهارات",
        "اتركي الخليط ينضج على نار هادئة"
      ],
      "dietary_restrictions": ["خالي من الجلوتين"],
      "allergens": ["منتجات الألبان", "كحول"],
      "health_benefits": ["غني بالبروتين", "مصدر جيد للسيلينيوم"]
    }
  ],
  "countries": [
    {"name": "السعودية", "cuisine": "عربي", "flag": "🇸🇦"},
    {"name": "لبنان", "cuisine": "عربي", "flag": "🇱🇧"},
    {"name": "الهند", "cuisine": "هندي", "flag": "🇮🇳"},
    {"name": "إيطاليا", "cuisine": "إيطالي", "flag": "🇮🇹"},
    {"name": "اليابان", "cuisine": "ياباني", "flag": "🇯🇵"},
    {"name": "المكسيك", "cuisine": "مكسيكي", "flag": "🇲🇽"},
    {"name": "اليونان", "cuisine": "يوناني", "flag": "🇬🇷"},
    {"name": "فرنسا", "cuisine": "فرنسي", "flag": "🇫🇷"},
    {"name": "تركيا", "cuisine": "تركي", "flag": "🇹🇷"},
    {"name": "الصين", "cuisine": "صيني", "flag": "🇨🇳"}
  ],
  "metadata": {
    "created_at": "2024-01-01T00:00:00Z",
    "last_updated": "2024-01-15T00:00:00Z",
    "version": "1.1",
    "total_count": 8
  }
}