{
  "mcpServers": {
    "github": {
      "command": "docker",
      "args": [
        "run",
        "-i",
        "--rm",
        "-e",
        "GITHUB_PERSONAL_ACCESS_TOKEN",
        "-e",
        "GITHUB_TOOLSETS",
        "-e",
        "GITHUB_READ_ONLY",
        "ghcr.io/github/github-mcp-server"
      ],
      "env": {
        "GITHUB_PERSONAL_ACCESS_TOKEN": "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",
        "GITHUB_TOOLSETS": "",
        "GITHUB_READ_ONLY": ""
      }
    },
    "coolify": {
      "command": "node",
      "args": [
        "./coolify-mcp/dist/index.js"
      ],
      "env": {
        "COOLIFY_API_TOKEN": "8|zvJqSQ7echmsy8U8EHnl4omjE2XV8A6ajH9bFAWu1534281e",
        "COOLIFY_API_BASE_URL": "https://api.doctorhealthy1.com/api/v1"
      }
    }
  }
}