{
  "chest": [
    {
      "name": "Push-ups",
      "difficulty": "beginner",
      "equipment": ["bodyweight"],
      "instructions": "Start in plank position, lower body until chest nearly touches floor, push back up",
      "muscle_groups": ["chest", "shoulders", "triceps"],
      "modifications": {
        "easier": "Knee push-ups or wall push-ups",
        "harder": "Diamond push-ups or decline push-ups"
      }
    },
    {
      "name": "Bench Press",
      "difficulty": "intermediate",
      "equipment": ["barbell", "bench"],
      "instructions": "Lie on bench, grip bar slightly wider than shoulders, lower to chest, press up",
      "muscle_groups": ["chest", "shoulders", "triceps"]
    },
    {
      "name": "Dumbbell Flyes",
      "difficulty": "intermediate",
      "equipment": ["dumbbells", "bench"],
      "instructions": "Lie on bench, arms extended with slight bend, lower weights in arc motion",
      "muscle_groups": ["chest"]
    }
  ],
  "back": [
    {
      "name": "Pull-ups",
      "difficulty": "intermediate",
      "equipment": ["pull_up_bar"],
      "instructions": "Hang from bar, pull body up until chin over bar, lower with control",
      "muscle_groups": ["back", "biceps"]
    },
    {
      "name": "Bent-over Rows",
      "difficulty": "intermediate",
      "equipment": ["dumbbells"],
      "instructions": "Bend at hips, pull weights to lower chest, squeeze shoulder blades",
      "muscle_groups": ["back", "biceps"]
    },
    {
      "name": "Lat Pulldowns",
      "difficulty": "beginner",
      "equipment": ["gym_access"],
      "instructions": "Sit at machine, pull bar to upper chest, control the return",
      "muscle_groups": ["back", "biceps"]
    }
  ],
  "legs": [
    {
      "name": "Squats",
      "difficulty": "beginner",
      "equipment": ["bodyweight"],
      "instructions": "Stand with feet shoulder-width apart, lower hips back and down, return to standing",
      "muscle_groups": ["quadriceps", "glutes", "hamstrings"],
      "modifications": {
        "easier": "Chair-assisted squats",
        "harder": "Jump squats or weighted squats"
      }
    },
    {
      "name": "Lunges",
      "difficulty": "beginner",
      "equipment": ["bodyweight"],
      "instructions": "Step forward, lower back knee toward ground, push back to start",
      "muscle_groups": ["quadriceps", "glutes", "hamstrings"]
    },
    {
      "name": "Deadlifts",
      "difficulty": "intermediate",
      "equipment": ["barbell"],
      "instructions": "Stand with bar over feet, hinge at hips, lift bar by extending hips and knees",
      "muscle_groups": ["hamstrings", "glutes", "back"]
    }
  ],
  "shoulders": [
    {
      "name": "Shoulder Press",
      "difficulty": "beginner",
      "equipment": ["dumbbells"],
      "instructions": "Stand or sit, press weights overhead, lower with control",
      "muscle_groups": ["shoulders", "triceps"]
    },
    {
      "name": "Lateral Raises",
      "difficulty": "beginner",
      "equipment": ["dumbbells"],
      "instructions": "Stand with weights at sides, raise arms to shoulder height, lower slowly",
      "muscle_groups": ["shoulders"]
    },
    {
      "name": "Pike Push-ups",
      "difficulty": "intermediate",
      "equipment": ["bodyweight"],
      "instructions": "Start in downward dog position, lower head toward ground, push back up",
      "muscle_groups": ["shoulders", "triceps"]
    }
  ],
  "arms": [
    {
      "name": "Bicep Curls",
      "difficulty": "beginner",
      "equipment": ["dumbbells"],
      "instructions": "Stand with weights at sides, curl up to shoulders, lower slowly",
      "muscle_groups": ["biceps"]
    },
    {
      "name": "Tricep Dips",
      "difficulty": "intermediate",
      "equipment": ["bodyweight"],
      "instructions": "Sit on edge of chair, lower body by bending arms, push back up",
      "muscle_groups": ["triceps"]
    },
    {
      "name": "Hammer Curls",
      "difficulty": "beginner",
      "equipment": ["dumbbells"],
      "instructions": "Hold weights with neutral grip, curl up keeping wrists straight",
      "muscle_groups": ["biceps", "forearms"]
    }
  ],
  "core": [
    {
      "name": "Plank",
      "difficulty": "beginner",
      "equipment": ["bodyweight"],
      "instructions": "Hold push-up position, keep body straight, engage core",
      "muscle_groups": ["core"],
      "modifications": {
        "easier": "Knee plank or wall plank",
        "harder": "Single-arm plank or plank with leg lifts"
      }
    },
    {
      "name": "Crunches",
      "difficulty": "beginner",
      "equipment": ["bodyweight"],
      "instructions": "Lie on back, lift shoulders off ground, squeeze abs",
      "muscle_groups": ["core"]
    },
    {
      "name": "Russian Twists",
      "difficulty": "intermediate",
      "equipment": ["bodyweight"],
      "instructions": "Sit with knees bent, lean back slightly, rotate torso side to side",
      "muscle_groups": ["core", "obliques"]
    }
  ],
  "cardio": [
    {
      "name": "Jumping Jacks",
      "difficulty": "beginner",
      "equipment": ["bodyweight"],
      "instructions": "Jump while spreading legs and raising arms overhead, return to start",
      "muscle_groups": ["full_body"]
    },
    {
      "name": "Burpees",
      "difficulty": "advanced",
      "equipment": ["bodyweight"],
      "instructions": "Squat down, jump back to plank, do push-up, jump feet forward, jump up",
      "muscle_groups": ["full_body"]
    },
    {
      "name": "Mountain Climbers",
      "difficulty": "intermediate",
      "equipment": ["bodyweight"],
      "instructions": "Start in plank, alternate bringing knees to chest quickly",
      "muscle_groups": ["core", "shoulders"]
    }
  ]
}